{
  "posts": [
    {
      "id": "1",
      "image": "./src/assets/nature.png",
      "caption": "nature give your surprice everyday 🧡",
      "likes": 120,
      "timestamp": "2025-07-17T10:30:00Z",
      "user": {
        "username": "nature_lover",
        "profilePic": "./src/assets/p1.png"
      },
      "comments": [
        {
          "id": 1,
          "username": "jessy_k",
          "text": "Wow! So beautiful 🧡"
        },
        {
          "id": 2,
          "username": "rahul_dev",
          "text": "Nice shot!"
        }
      ]
    },
    {
      "id": "2",
      "image": "./src/assets/jewel.png",
      "caption": "Decorations",
      "likes": 95,
      "timestamp": "2025-07-15T16:45:00Z",
      "user": {
        "username": "Jewel_pic",
        "profilePic": "./src/assets/p2.png"
      },
      "comments": [
        {
          "id": 1,
          "username": "sunny_sam",
          "text": "Beach is life 🌊"
        }
      ]
    },
    {
      "id": "3",
      "image": "./src/assets/cat.png",
      "caption": "Wow Animals 🐶🐭🐹🐰",
      "likes": 205,
      "timestamp": "2025-07-14T07:20:00Z",
      "user": {
        "username": "animal_love",
        "profilePic": "./src/assets/p3.png"
      },
      "comments": [
        {
          "id": 1,
          "username": "gym_girl",
          "text": "Inspiration! 🔥"
        },
        {
          "id": 2,
          "username": "raj_23",
          "text": "Keep going bro!"
        }
      ]
    }
  ],
  "profile": {
    "id": "1",
    "username": "AaShA",
    "profilePic": "./src/assets/cat.png",
    "bio": "Kind Person"
  },
  "suggestions": [
    {
      "id": "21",
      "username": "-.zandeep.-",
      "profilePic": "./src/assets/p1.png"
    },
    {
      "id": "22",
      "username": "iamevastark",
      "profilePic": "./src/assets/p2.png"
    },
    {
      "id": "23",
      "username": "naslenofficial",
      "profilePic": "./src/assets/p3.png"
    },
    {
      "id": "24",
      "username": "cozitsmarina",
      "profilePic": "./src/assets/cozitsmarina.jpeg"
    },
    {
      "id": "25",
      "username": "bjbala_kpy",
      "profilePic": "./src/assets/bjbala_kpy.jpeg"
    },
    {
      "id": "26",
      "username": "yuktha",
      "profilePic": "./src/assets/yuktha.jpeg" 
    },
    {
      "id": "27",
      "username": "jabee_e",
      "profilePic": "./src/assets/jabee_e.jpg"
    },
    {
      "id": "28",
      "username": ".drinitta.",
      "profilePic": "./src/assets/drinitta.jpg"
    },
    {
      "id": "29",
      "username": "_.nidhi._rm",
      "profilePic": "./src/assets/nidhi.jpg"
    },
    {
      "id": "30",
      "username": "darshini_j_",
      "profilePic": "./src/assets/darshini_j_.jpeg"
      
    }
  ],
  "story": [
    {
      "id": "1",
      "image": "./src/assets/jewel.png",
      "username": "nature_lover",
      "profilePic": "./src/assets/p1.png"
    },
    {
      "id": "2",
      "image": "./assets/story-image.jpg",
      "username": "beach_bae",
      "profilePic": "./src/assets/p2.png"
    },
    {
      "id": "3",
      "image": "./src/assets/p3.png",
      "username": "fit_freak",
      "profilePic": "./src/assets/p3.png"
    }
  ],
  "followers": [
    {
      "id": "11",
      "username": ".fathima..beevi.",
      "profilePic": "./src/assets/fathima.jpg"
    },
    {
      "id": "12",
      "username": "..anitha..",
      "profilePic": "./src/assets/anitha.jpg"
    },
    {
      "id": "13",
      "username": ".-aasha-.",
      "profilePic": "./src/assets/sam.jpg"
    },
    {
      "id": "14",
      "username": ".madhu_mitha.",
      "profilePic": "./src/assets/tech_girl.jpeg"
    },
    {
      "id": "15",
      "username": "anuj_.",
      "profilePic": "./src/assets/anuj.jpg"
    },
    {
      "id": "16",
      "username": "m.i.hawkx",
      "profilePic": "./src/assets/rahul.jpg"
    },
    {
      "id": "17",
      "username": "jishar_14",
      "profilePic": "./src/assets/jishar.jpg"
    },
    {
      "id": "18",
      "username": "_p.a.p.p.u_14",
      "profilePic": "./src/assets/coder_boy.jpeg"
    },
    {
      "id": "19",
      "username": "anhsej_11",
      "profilePic": "./src/assets/jesh1.jpg"
    },
    {
      "id": "20",
      "username": "agnal_smith",
      "profilePic": "./src/assets/agnal.jpg"
    }
  ]
}